<?xml version="1.0" encoding="UTF-8" standalone="yes"?>
<manifest>
  <control namespace="ath" constructor="FluentPivot" version="0.0.1" display-name-key="FluentPivot" description-key="FluentPivot description" control-type="virtual" api-version="1.3.15">
    <external-service-usage enabled="false"/>
    <property name="tabs" display-name-key="Tabs as json" description-key="" of-type="SingleLine.TextArea" usage="input" required="true"/>
    <property name="selectedTab" display-name-key="Selected Tab Helper field" description-key="Used to notice the form which tab is currently selected" of-type="SingleLine.Text" usage="bound"/>
    <property name="rememberSelected" display-name-key="Remeber selected tab" description-key="Choose yes if used on sub-form" of-type="TwoOptions" usage="input"/>
    <resources>
      <code path="bundle.js" order="1"/>
      <platform-library name="React" version="16.8.6"/>
      <platform-library name="Fluent" version="8.29.0"/>
    </resources>
    <built-by name="pac" version="1.34.3"/>
  </control>
</manifest>